Model,Acc,F1
BiLSTM,0.6701911111111111,0.653536739599238
LSTM,0.6561362962962962,0.6340238306675466
RNN,0.5784752293577982,0.5676638438114675
